"Date","Source","Site ID","POC","Daily Mean PM2.5 Concentration","UNITS","DAILY_AQI_VALUE","Site Name","DAILY_OBS_COUNT","PERCENT_COMPLETE","AQS_PARAMETER_CODE","AQS_PARAMETER_DESC","CBSA_CODE","CBSA_NAME","STATE_CODE","STATE","COUNTY_CODE","COUNTY","SITE_LATITUDE","SITE_LONGITUDE"
"01/01/2016","AQS","060970004","3","15.2","ug/m3 LC","58","Sebastopol","1","100.0000","88101","PM2.5 - Local Conditions","42220","Santa Rosa, CA","06","California","097","Sonoma","38.403765","-122.818294"
"01/02/2016","AQS","060970004","3","8.6","ug/m3 LC","36","Sebastopol","1","100.0000","88101","PM2.5 - Local Conditions","42220","Santa Rosa, CA","06","California","097","Sonoma","38.403765","-122.818294"
"01/03/2016","AQS","060970004","3","12.7","ug/m3 LC","52","Sebastopol","1","100.0000","88101","PM2.5 - Local Conditions","42220","Santa Rosa, CA","06","California","097","Sonoma","38.403765","-122.818294"
"01/04/2016","AQS","060970004","3","11.9","ug/m3 LC","50","Sebastopol","1","100.0000","88101","PM2.5 - Local Conditions","42220","Santa Rosa, CA","06","California","097","Sonoma","38.403765","-122.818294"
"01/05/2016","AQS","060970004","3","3.6","ug/m3 LC","15","Sebastopol","1","100.0000","88101","PM2.5 - Local Conditions","42220","Santa Rosa, CA","06","California","097","Sonoma","38.403765","-122.818294"
"01/06/2016","AQS","060970004","3","3.5","ug/m3 LC","15","Sebastopol","1","100.0000","88101","PM2.5 - Local Conditions","42220","Santa Rosa, CA","06","California","097","Sonoma","38.403765","-122.818294"
"01/07/2016","AQS","060970004","3","5.3","ug/m3 LC","22","Sebastopol","1","100.0000","88101","PM2.5 - Local Conditions","42220","Santa Rosa, CA","06","California","097","Sonoma","38.403765","-122.818294"
"01/08/2016","AQS","060970004","3","5.8","ug/m3 LC","24","Sebastopol","1","100.0000","88101","PM2.5 - Local Conditions","42220","Santa Rosa, CA","06","California","097","Sonoma","38.403765","-122.818294"
"01/09/2016","AQS","060970004","3","6.7","ug/m3 LC","28","Sebastopol","1","100.0000","88101","PM2.5 - Local Conditions","42220","Santa Rosa, CA","06","California","097","Sonoma","38.403765","-122.818294"
"01/10/2016","AQS","060970004","3","3.8","ug/m3 LC","16","Sebastopol","1","100.0000","88101","PM2.5 - Local Conditions","42220","Santa Rosa, CA","06","California","097","Sonoma","38.403765","-122.818294"
"01/11/2016","AQS","060970004","3","7.9","ug/m3 LC","33","Sebastopol","1","100.0000","88101","PM2.5 - Local Conditions","42220","Santa Rosa, CA","06","California","097","Sonoma","38.403765","-122.818294"
"01/12/2016","AQS","060970004","3","11.6","ug/m3 LC","48","Sebastopol","1","100.0000","88101","PM2.5 - Local Conditions","42220","Santa Rosa, CA","06","California","097","Sonoma","38.403765","-122.818294"
"01/13/2016","AQS","060970004","3","5.5","ug/m3 LC","23","Sebastopol","1","100.0000","88101","PM2.5 - Local Conditions","42220","Santa Rosa, CA","06","California","097","Sonoma","38.403765","-122.818294"
"01/14/2016","AQS","060970004","3","5","ug/m3 LC","21","Sebastopol","1","100.0000","88101","PM2.5 - Local Conditions","42220","Santa Rosa, CA","06","California","097","Sonoma","38.403765","-122.818294"
"01/15/2016","AQS","060970004","3","2.9","ug/m3 LC","12","Sebastopol","1","100.0000","88101","PM2.5 - Local Conditions","42220","Santa Rosa, CA","06","California","097","Sonoma","38.403765","-122.818294"
"01/16/2016","AQS","060970004","3","2.7","ug/m3 LC","11","Sebastopol","1","100.0000","88101","PM2.5 - Local Conditions","42220","Santa Rosa, CA","06","California","097","Sonoma","38.403765","-122.818294"
"01/17/2016","AQS","060970004","3","3.2","ug/m3 LC","13","Sebastopol","1","100.0000","88101","PM2.5 - Local Conditions","42220","Santa Rosa, CA","06","California","097","Sonoma","38.403765","-122.818294"
"01/18/2016","AQS","060970004","3","3","ug/m3 LC","13","Sebastopol","1","100.0000","88101","PM2.5 - Local Conditions","42220","Santa Rosa, CA","06","California","097","Sonoma","38.403765","-122.818294"
"01/19/2016","AQS","060970004","3","5.3","ug/m3 LC","22","Sebastopol","1","100.0000","88101","PM2.5 - Local Conditions","42220","Santa Rosa, CA","06","California","097","Sonoma","38.403765","-122.818294"
"01/22/2016","AQS","060970004","3","0.3","ug/m3 LC","1","Sebastopol","1","100.0000","88101","PM2.5 - Local Conditions","42220","Santa Rosa, CA","06","California","097","Sonoma","38.403765","-122.818294"
"01/23/2016","AQS","060970004","3","4","ug/m3 LC","17","Sebastopol","1","100.0000","88101","PM2.5 - Local Conditions","42220","Santa Rosa, CA","06","California","097","Sonoma","38.403765","-122.818294"
"01/24/2016","AQS","060970004","3","4.2","ug/m3 LC","18","Sebastopol","1","100.0000","88101","PM2.5 - Local Conditions","42220","Santa Rosa, CA","06","California","097","Sonoma","38.403765","-122.818294"
"01/25/2016","AQS","060970004","3","4.3","ug/m3 LC","18","Sebastopol","1","100.0000","88101","PM2.5 - Local Conditions","42220","Santa Rosa, CA","06","California","097","Sonoma","38.403765","-122.818294"
"01/26/2016","AQS","060970004","3","6.8","ug/m3 LC","28","Sebastopol","1","100.0000","88101","PM2.5 - Local Conditions","42220","Santa Rosa, CA","06","California","097","Sonoma","38.403765","-122.818294"
"01/27/2016","AQS","060970004","3","6.2","ug/m3 LC","26","Sebastopol","1","100.0000","88101","PM2.5 - Local Conditions","42220","Santa Rosa, CA","06","California","097","Sonoma","38.403765","-122.818294"
"01/28/2016","AQS","060970004","3","7.5","ug/m3 LC","31","Sebastopol","1","100.0000","88101","PM2.5 - Local Conditions","42220","Santa Rosa, CA","06","California","097","Sonoma","38.403765","-122.818294"
"01/29/2016","AQS","060970004","3","3.4","ug/m3 LC","14","Sebastopol","1","100.0000","88101","PM2.5 - Local Conditions","42220","Santa Rosa, CA","06","California","097","Sonoma","38.403765","-122.818294"
"01/30/2016","AQS","060970004","3","2.5","ug/m3 LC","10","Sebastopol","1","100.0000","88101","PM2.5 - Local Conditions","42220","Santa Rosa, CA","06","California","097","Sonoma","38.403765","-122.818294"
"01/31/2016","AQS","060970004","3","0.9","ug/m3 LC","4","Sebastopol","1","100.0000","88101","PM2.5 - Local Conditions","42220","Santa Rosa, CA","06","California","097","Sonoma","38.403765","-122.818294"
"02/01/2016","AQS","060970004","3","0.4","ug/m3 LC","2","Sebastopol","1","100.0000","88101","PM2.5 - Local Conditions","42220","Santa Rosa, CA","06","California","097","Sonoma","38.403765","-122.818294"
"02/02/2016","AQS","060970004","3","4","ug/m3 LC","17","Sebastopol","1","100.0000","88101","PM2.5 - Local Conditions","42220","Santa Rosa, CA","06","California","097","Sonoma","38.403765","-122.818294"
"02/03/2016","AQS","060970004","3","9.8","ug/m3 LC","41","Sebastopol","1","100.0000","88101","PM2.5 - Local Conditions","42220","Santa Rosa, CA","06","California","097","Sonoma","38.403765","-122.818294"
"02/04/2016","AQS","060970004","3","9","ug/m3 LC","38","Sebastopol","1","100.0000","88101","PM2.5 - Local Conditions","42220","Santa Rosa, CA","06","California","097","Sonoma","38.403765","-122.818294"
"02/05/2016","AQS","060970004","3","7.8","ug/m3 LC","33","Sebastopol","1","100.0000","88101","PM2.5 - Local Conditions","42220","Santa Rosa, CA","06","California","097","Sonoma","38.403765","-122.818294"
"02/06/2016","AQS","060970004","3","8.2","ug/m3 LC","34","Sebastopol","1","100.0000","88101","PM2.5 - Local Conditions","42220","Santa Rosa, CA","06","California","097","Sonoma","38.403765","-122.818294"
"02/07/2016","AQS","060970004","3","6.9","ug/m3 LC","29","Sebastopol","1","100.0000","88101","PM2.5 - Local Conditions","42220","Santa Rosa, CA","06","California","097","Sonoma","38.403765","-122.818294"
"02/08/2016","AQS","060970004","3","7.4","ug/m3 LC","31","Sebastopol","1","100.0000","88101","PM2.5 - Local Conditions","42220","Santa Rosa, CA","06","California","097","Sonoma","38.403765","-122.818294"
"02/09/2016","AQS","060970004","3","9.2","ug/m3 LC","38","Sebastopol","1","100.0000","88101","PM2.5 - Local Conditions","42220","Santa Rosa, CA","06","California","097","Sonoma","38.403765","-122.818294"
"02/10/2016","AQS","060970004","3","9.4","ug/m3 LC","39","Sebastopol","1","100.0000","88101","PM2.5 - Local Conditions","42220","Santa Rosa, CA","06","California","097","Sonoma","38.403765","-122.818294"
"02/11/2016","AQS","060970004","3","8.2","ug/m3 LC","34","Sebastopol","1","100.0000","88101","PM2.5 - Local Conditions","42220","Santa Rosa, CA","06","California","097","Sonoma","38.403765","-122.818294"
"02/12/2016","AQS","060970004","3","6.2","ug/m3 LC","26","Sebastopol","1","100.0000","88101","PM2.5 - Local Conditions","42220","Santa Rosa, CA","06","California","097","Sonoma","38.403765","-122.818294"
"02/13/2016","AQS","060970004","3","5","ug/m3 LC","21","Sebastopol","1","100.0000","88101","PM2.5 - Local Conditions","42220","Santa Rosa, CA","06","California","097","Sonoma","38.403765","-122.818294"
"02/14/2016","AQS","060970004","3","3.2","ug/m3 LC","13","Sebastopol","1","100.0000","88101","PM2.5 - Local Conditions","42220","Santa Rosa, CA","06","California","097","Sonoma","38.403765","-122.818294"
"02/15/2016","AQS","060970004","3","3.9","ug/m3 LC","16","Sebastopol","1","100.0000","88101","PM2.5 - Local Conditions","42220","Santa Rosa, CA","06","California","097","Sonoma","38.403765","-122.818294"
"02/16/2016","AQS","060970004","3","7.4","ug/m3 LC","31","Sebastopol","1","100.0000","88101","PM2.5 - Local Conditions","42220","Santa Rosa, CA","06","California","097","Sonoma","38.403765","-122.818294"
"02/17/2016","AQS","060970004","3","8.7","ug/m3 LC","36","Sebastopol","1","100.0000","88101","PM2.5 - Local Conditions","42220","Santa Rosa, CA","06","California","097","Sonoma","38.403765","-122.818294"
"02/18/2016","AQS","060970004","3","7.3","ug/m3 LC","30","Sebastopol","1","100.0000","88101","PM2.5 - Local Conditions","42220","Santa Rosa, CA","06","California","097","Sonoma","38.403765","-122.818294"
"02/19/2016","AQS","060970004","3","4.6","ug/m3 LC","19","Sebastopol","1","100.0000","88101","PM2.5 - Local Conditions","42220","Santa Rosa, CA","06","California","097","Sonoma","38.403765","-122.818294"
"02/20/2016","AQS","060970004","3","4.6","ug/m3 LC","19","Sebastopol","1","100.0000","88101","PM2.5 - Local Conditions","42220","Santa Rosa, CA","06","California","097","Sonoma","38.403765","-122.818294"
"02/21/2016","AQS","060970004","3","4.7","ug/m3 LC","20","Sebastopol","1","100.0000","88101","PM2.5 - Local Conditions","42220","Santa Rosa, CA","06","California","097","Sonoma","38.403765","-122.818294"
"02/22/2016","AQS","060970004","3","3.6","ug/m3 LC","15","Sebastopol","1","100.0000","88101","PM2.5 - Local Conditions","42220","Santa Rosa, CA","06","California","097","Sonoma","38.403765","-122.818294"
"02/23/2016","AQS","060970004","3","4.1","ug/m3 LC","17","Sebastopol","1","100.0000","88101","PM2.5 - Local Conditions","42220","Santa Rosa, CA","06","California","097","Sonoma","38.403765","-122.818294"
"02/24/2016","AQS","060970004","3","8.7","ug/m3 LC","36","Sebastopol","1","100.0000","88101","PM2.5 - Local Conditions","42220","Santa Rosa, CA","06","California","097","Sonoma","38.403765","-122.818294"
"02/25/2016","AQS","060970004","3","8.5","ug/m3 LC","35","Sebastopol","1","100.0000","88101","PM2.5 - Local Conditions","42220","Santa Rosa, CA","06","California","097","Sonoma","38.403765","-122.818294"
"02/26/2016","AQS","060970004","3","4.3","ug/m3 LC","18","Sebastopol","1","100.0000","88101","PM2.5 - Local Conditions","42220","Santa Rosa, CA","06","California","097","Sonoma","38.403765","-122.818294"
"02/27/2016","AQS","060970004","3","2.8","ug/m3 LC","12","Sebastopol","1","100.0000","88101","PM2.5 - Local Conditions","42220","Santa Rosa, CA","06","California","097","Sonoma","38.403765","-122.818294"
"02/28/2016","AQS","060970004","3","4.3","ug/m3 LC","18","Sebastopol","1","100.0000","88101","PM2.5 - Local Conditions","42220","Santa Rosa, CA","06","California","097","Sonoma","38.403765","-122.818294"
"02/29/2016","AQS","060970004","3","3.3","ug/m3 LC","14","Sebastopol","1","100.0000","88101","PM2.5 - Local Conditions","42220","Santa Rosa, CA","06","California","097","Sonoma","38.403765","-122.818294"
"03/01/2016","AQS","060970004","3","2.5","ug/m3 LC","10","Sebastopol","1","100.0000","88101","PM2.5 - Local Conditions","42220","Santa Rosa, CA","06","California","097","Sonoma","38.403765","-122.818294"
"03/02/2016","AQS","060970004","3","0","ug/m3 LC","0","Sebastopol","1","100.0000","88101","PM2.5 - Local Conditions","42220","Santa Rosa, CA","06","California","097","Sonoma","38.403765","-122.818294"
"03/03/2016","AQS","060970004","3","0.7","ug/m3 LC","3","Sebastopol","1","100.0000","88101","PM2.5 - Local Conditions","42220","Santa Rosa, CA","06","California","097","Sonoma","38.403765","-122.818294"
"03/04/2016","AQS","060970004","3","1.2","ug/m3 LC","5","Sebastopol","1","100.0000","88101","PM2.5 - Local Conditions","42220","Santa Rosa, CA","06","California","097","Sonoma","38.403765","-122.818294"
"03/05/2016","AQS","060970004","3","1.2","ug/m3 LC","5","Sebastopol","1","100.0000","88101","PM2.5 - Local Conditions","42220","Santa Rosa, CA","06","California","097","Sonoma","38.403765","-122.818294"
"03/06/2016","AQS","060970004","3","5.4","ug/m3 LC","23","Sebastopol","1","100.0000","88101","PM2.5 - Local Conditions","42220","Santa Rosa, CA","06","California","097","Sonoma","38.403765","-122.818294"
"03/07/2016","AQS","060970004","3","4.6","ug/m3 LC","19","Sebastopol","1","100.0000","88101","PM2.5 - Local Conditions","42220","Santa Rosa, CA","06","California","097","Sonoma","38.403765","-122.818294"
"03/08/2016","AQS","060970004","3","4.4","ug/m3 LC","18","Sebastopol","1","100.0000","88101","PM2.5 - Local Conditions","42220","Santa Rosa, CA","06","California","097","Sonoma","38.403765","-122.818294"
"03/09/2016","AQS","060970004","3","3.8","ug/m3 LC","16","Sebastopol","1","100.0000","88101","PM2.5 - Local Conditions","42220","Santa Rosa, CA","06","California","097","Sonoma","38.403765","-122.818294"
"03/10/2016","AQS","060970004","3","1","ug/m3 LC","4","Sebastopol","1","100.0000","88101","PM2.5 - Local Conditions","42220","Santa Rosa, CA","06","California","097","Sonoma","38.403765","-122.818294"
"03/11/2016","AQS","060970004","3","2.8","ug/m3 LC","12","Sebastopol","1","100.0000","88101","PM2.5 - Local Conditions","42220","Santa Rosa, CA","06","California","097","Sonoma","38.403765","-122.818294"
"03/12/2016","AQS","060970004","3","3.6","ug/m3 LC","15","Sebastopol","1","100.0000","88101","PM2.5 - Local Conditions","42220","Santa Rosa, CA","06","California","097","Sonoma","38.403765","-122.818294"
"03/13/2016","AQS","060970004","3","4","ug/m3 LC","17","Sebastopol","1","100.0000","88101","PM2.5 - Local Conditions","42220","Santa Rosa, CA","06","California","097","Sonoma","38.403765","-122.818294"
"03/14/2016","AQS","060970004","3","3.8","ug/m3 LC","16","Sebastopol","1","100.0000","88101","PM2.5 - Local Conditions","42220","Santa Rosa, CA","06","California","097","Sonoma","38.403765","-122.818294"
"03/15/2016","AQS","060970004","3","4.5","ug/m3 LC","19","Sebastopol","1","100.0000","88101","PM2.5 - Local Conditions","42220","Santa Rosa, CA","06","California","097","Sonoma","38.403765","-122.818294"
"03/16/2016","AQS","060970004","3","3.4","ug/m3 LC","14","Sebastopol","1","100.0000","88101","PM2.5 - Local Conditions","42220","Santa Rosa, CA","06","California","097","Sonoma","38.403765","-122.818294"
"03/17/2016","AQS","060970004","3","3.2","ug/m3 LC","13","Sebastopol","1","100.0000","88101","PM2.5 - Local Conditions","42220","Santa Rosa, CA","06","California","097","Sonoma","38.403765","-122.818294"
"03/18/2016","AQS","060970004","3","2.7","ug/m3 LC","11","Sebastopol","1","100.0000","88101","PM2.5 - Local Conditions","42220","Santa Rosa, CA","06","California","097","Sonoma","38.403765","-122.818294"
"03/19/2016","AQS","060970004","3","1.9","ug/m3 LC","8","Sebastopol","1","100.0000","88101","PM2.5 - Local Conditions","42220","Santa Rosa, CA","06","California","097","Sonoma","38.403765","-122.818294"
"03/20/2016","AQS","060970004","3","2.8","ug/m3 LC","12","Sebastopol","1","100.0000","88101","PM2.5 - Local Conditions","42220","Santa Rosa, CA","06","California","097","Sonoma","38.403765","-122.818294"
"03/21/2016","AQS","060970004","3","4.6","ug/m3 LC","19","Sebastopol","1","100.0000","88101","PM2.5 - Local Conditions","42220","Santa Rosa, CA","06","California","097","Sonoma","38.403765","-122.818294"
"03/22/2016","AQS","060970004","3","2.3","ug/m3 LC","10","Sebastopol","1","100.0000","88101","PM2.5 - Local Conditions","42220","Santa Rosa, CA","06","California","097","Sonoma","38.403765","-122.818294"
"03/23/2016","AQS","060970004","3","4.2","ug/m3 LC","18","Sebastopol","1","100.0000","88101","PM2.5 - Local Conditions","42220","Santa Rosa, CA","06","California","097","Sonoma","38.403765","-122.818294"
"03/24/2016","AQS","060970004","3","3.8","ug/m3 LC","16","Sebastopol","1","100.0000","88101","PM2.5 - Local Conditions","42220","Santa Rosa, CA","06","California","097","Sonoma","38.403765","-122.818294"
"03/25/2016","AQS","060970004","3","2.7","ug/m3 LC","11","Sebastopol","1","100.0000","88101","PM2.5 - Local Conditions","42220","Santa Rosa, CA","06","California","097","Sonoma","38.403765","-122.818294"
"03/26/2016","AQS","060970004","3","1.7","ug/m3 LC","7","Sebastopol","1","100.0000","88101","PM2.5 - Local Conditions","42220","Santa Rosa, CA","06","California","097","Sonoma","38.403765","-122.818294"
"03/27/2016","AQS","060970004","3","1.4","ug/m3 LC","6","Sebastopol","1","100.0000","88101","PM2.5 - Local Conditions","42220","Santa Rosa, CA","06","California","097","Sonoma","38.403765","-122.818294"
"03/28/2016","AQS","060970004","3","1.9","ug/m3 LC","8","Sebastopol","1","100.0000","88101","PM2.5 - Local Conditions","42220","Santa Rosa, CA","06","California","097","Sonoma","38.403765","-122.818294"
"03/29/2016","AQS","060970004","3","1.7","ug/m3 LC","7","Sebastopol","1","100.0000","88101","PM2.5 - Local Conditions","42220","Santa Rosa, CA","06","California","097","Sonoma","38.403765","-122.818294"
"03/30/2016","AQS","060970004","3","5.2","ug/m3 LC","22","Sebastopol","1","100.0000","88101","PM2.5 - Local Conditions","42220","Santa Rosa, CA","06","California","097","Sonoma","38.403765","-122.818294"
"03/31/2016","AQS","060970004","3","6","ug/m3 LC","25","Sebastopol","1","100.0000","88101","PM2.5 - Local Conditions","42220","Santa Rosa, CA","06","California","097","Sonoma","38.403765","-122.818294"
"04/01/2016","AQS","060970004","3","5.5","ug/m3 LC","23","Sebastopol","1","100.0000","88101","PM2.5 - Local Conditions","42220","Santa Rosa, CA","06","California","097","Sonoma","38.403765","-122.818294"
"04/02/2016","AQS","060970004","3","5.5","ug/m3 LC","23","Sebastopol","1","100.0000","88101","PM2.5 - Local Conditions","42220","Santa Rosa, CA","06","California","097","Sonoma","38.403765","-122.818294"
"04/03/2016","AQS","060970004","3","2.6","ug/m3 LC","11","Sebastopol","1","100.0000","88101","PM2.5 - Local Conditions","42220","Santa Rosa, CA","06","California","097","Sonoma","38.403765","-122.818294"
"04/04/2016","AQS","060970004","3","3.7","ug/m3 LC","15","Sebastopol","1","100.0000","88101","PM2.5 - Local Conditions","42220","Santa Rosa, CA","06","California","097","Sonoma","38.403765","-122.818294"
"04/05/2016","AQS","060970004","3","4","ug/m3 LC","17","Sebastopol","1","100.0000","88101","PM2.5 - Local Conditions","42220","Santa Rosa, CA","06","California","097","Sonoma","38.403765","-122.818294"
"04/06/2016","AQS","060970004","3","3.6","ug/m3 LC","15","Sebastopol","1","100.0000","88101","PM2.5 - Local Conditions","42220","Santa Rosa, CA","06","California","097","Sonoma","38.403765","-122.818294"
"04/07/2016","AQS","060970004","3","8.7","ug/m3 LC","36","Sebastopol","1","100.0000","88101","PM2.5 - Local Conditions","42220","Santa Rosa, CA","06","California","097","Sonoma","38.403765","-122.818294"
"04/08/2016","AQS","060970004","3","7.3","ug/m3 LC","30","Sebastopol","1","100.0000","88101","PM2.5 - Local Conditions","42220","Santa Rosa, CA","06","California","097","Sonoma","38.403765","-122.818294"
"04/09/2016","AQS","060970004","3","1.2","ug/m3 LC","5","Sebastopol","1","100.0000","88101","PM2.5 - Local Conditions","42220","Santa Rosa, CA","06","California","097","Sonoma","38.403765","-122.818294"
"04/10/2016","AQS","060970004","3","2.1","ug/m3 LC","9","Sebastopol","1","100.0000","88101","PM2.5 - Local Conditions","42220","Santa Rosa, CA","06","California","097","Sonoma","38.403765","-122.818294"
"04/11/2016","AQS","060970004","3","6.2","ug/m3 LC","26","Sebastopol","1","100.0000","88101","PM2.5 - Local Conditions","42220","Santa Rosa, CA","06","California","097","Sonoma","38.403765","-122.818294"
"04/12/2016","AQS","060970004","3","5.4","ug/m3 LC","23","Sebastopol","1","100.0000","88101","PM2.5 - Local Conditions","42220","Santa Rosa, CA","06","California","097","Sonoma","38.403765","-122.818294"
"04/13/2016","AQS","060970004","3","5.6","ug/m3 LC","23","Sebastopol","1","100.0000","88101","PM2.5 - Local Conditions","42220","Santa Rosa, CA","06","California","097","Sonoma","38.403765","-122.818294"
"04/14/2016","AQS","060970004","3","3.9","ug/m3 LC","16","Sebastopol","1","100.0000","88101","PM2.5 - Local Conditions","42220","Santa Rosa, CA","06","California","097","Sonoma","38.403765","-122.818294"
"04/15/2016","AQS","060970004","3","2","ug/m3 LC","8","Sebastopol","1","100.0000","88101","PM2.5 - Local Conditions","42220","Santa Rosa, CA","06","California","097","Sonoma","38.403765","-122.818294"
"04/16/2016","AQS","060970004","3","3.4","ug/m3 LC","14","Sebastopol","1","100.0000","88101","PM2.5 - Local Conditions","42220","Santa Rosa, CA","06","California","097","Sonoma","38.403765","-122.818294"
"04/17/2016","AQS","060970004","3","6.2","ug/m3 LC","26","Sebastopol","1","100.0000","88101","PM2.5 - Local Conditions","42220","Santa Rosa, CA","06","California","097","Sonoma","38.403765","-122.818294"
"04/18/2016","AQS","060970004","3","7.8","ug/m3 LC","33","Sebastopol","1","100.0000","88101","PM2.5 - Local Conditions","42220","Santa Rosa, CA","06","California","097","Sonoma","38.403765","-122.818294"
"04/19/2016","AQS","060970004","3","6.6","ug/m3 LC","28","Sebastopol","1","100.0000","88101","PM2.5 - Local Conditions","42220","Santa Rosa, CA","06","California","097","Sonoma","38.403765","-122.818294"
"04/20/2016","AQS","060970004","3","6","ug/m3 LC","25","Sebastopol","1","100.0000","88101","PM2.5 - Local Conditions","42220","Santa Rosa, CA","06","California","097","Sonoma","38.403765","-122.818294"
"04/21/2016","AQS","060970004","3","2.5","ug/m3 LC","10","Sebastopol","1","100.0000","88101","PM2.5 - Local Conditions","42220","Santa Rosa, CA","06","California","097","Sonoma","38.403765","-122.818294"
"04/22/2016","AQS","060970004","3","2.8","ug/m3 LC","12","Sebastopol","1","100.0000","88101","PM2.5 - Local Conditions","42220","Santa Rosa, CA","06","California","097","Sonoma","38.403765","-122.818294"
"04/23/2016","AQS","060970004","3","2.4","ug/m3 LC","10","Sebastopol","1","100.0000","88101","PM2.5 - Local Conditions","42220","Santa Rosa, CA","06","California","097","Sonoma","38.403765","-122.818294"
"04/24/2016","AQS","060970004","3","3.4","ug/m3 LC","14","Sebastopol","1","100.0000","88101","PM2.5 - Local Conditions","42220","Santa Rosa, CA","06","California","097","Sonoma","38.403765","-122.818294"
"04/25/2016","AQS","060970004","3","4.1","ug/m3 LC","17","Sebastopol","1","100.0000","88101","PM2.5 - Local Conditions","42220","Santa Rosa, CA","06","California","097","Sonoma","38.403765","-122.818294"
"04/26/2016","AQS","060970004","3","5.9","ug/m3 LC","25","Sebastopol","1","100.0000","88101","PM2.5 - Local Conditions","42220","Santa Rosa, CA","06","California","097","Sonoma","38.403765","-122.818294"
"04/27/2016","AQS","060970004","3","4.4","ug/m3 LC","18","Sebastopol","1","100.0000","88101","PM2.5 - Local Conditions","42220","Santa Rosa, CA","06","California","097","Sonoma","38.403765","-122.818294"
"04/28/2016","AQS","060970004","3","6","ug/m3 LC","25","Sebastopol","1","100.0000","88101","PM2.5 - Local Conditions","42220","Santa Rosa, CA","06","California","097","Sonoma","38.403765","-122.818294"
"04/29/2016","AQS","060970004","3","7.4","ug/m3 LC","31","Sebastopol","1","100.0000","88101","PM2.5 - Local Conditions","42220","Santa Rosa, CA","06","California","097","Sonoma","38.403765","-122.818294"
"04/30/2016","AQS","060970004","3","4.2","ug/m3 LC","18","Sebastopol","1","100.0000","88101","PM2.5 - Local Conditions","42220","Santa Rosa, CA","06","California","097","Sonoma","38.403765","-122.818294"
"05/01/2016","AQS","060970004","3","8.2","ug/m3 LC","34","Sebastopol","1","100.0000","88101","PM2.5 - Local Conditions","42220","Santa Rosa, CA","06","California","097","Sonoma","38.403765","-122.818294"
"05/02/2016","AQS","060970004","3","10","ug/m3 LC","42","Sebastopol","1","100.0000","88101","PM2.5 - Local Conditions","42220","Santa Rosa, CA","06","California","097","Sonoma","38.403765","-122.818294"
"05/03/2016","AQS","060970004","3","3.9","ug/m3 LC","16","Sebastopol","1","100.0000","88101","PM2.5 - Local Conditions","42220","Santa Rosa, CA","06","California","097","Sonoma","38.403765","-122.818294"
"05/04/2016","AQS","060970004","3","5.7","ug/m3 LC","24","Sebastopol","1","100.0000","88101","PM2.5 - Local Conditions","42220","Santa Rosa, CA","06","California","097","Sonoma","38.403765","-122.818294"
"05/05/2016","AQS","060970004","3","4.5","ug/m3 LC","19","Sebastopol","1","100.0000","88101","PM2.5 - Local Conditions","42220","Santa Rosa, CA","06","California","097","Sonoma","38.403765","-122.818294"
"05/06/2016","AQS","060970004","3","4.3","ug/m3 LC","18","Sebastopol","1","100.0000","88101","PM2.5 - Local Conditions","42220","Santa Rosa, CA","06","California","097","Sonoma","38.403765","-122.818294"
"05/07/2016","AQS","060970004","3","1","ug/m3 LC","4","Sebastopol","1","100.0000","88101","PM2.5 - Local Conditions","42220","Santa Rosa, CA","06","California","097","Sonoma","38.403765","-122.818294"
"05/08/2016","AQS","060970004","3","0","ug/m3 LC","0","Sebastopol","1","100.0000","88101","PM2.5 - Local Conditions","42220","Santa Rosa, CA","06","California","097","Sonoma","38.403765","-122.818294"
"05/09/2016","AQS","060970004","3","4.5","ug/m3 LC","19","Sebastopol","1","100.0000","88101","PM2.5 - Local Conditions","42220","Santa Rosa, CA","06","California","097","Sonoma","38.403765","-122.818294"
"05/10/2016","AQS","060970004","3","4.1","ug/m3 LC","17","Sebastopol","1","100.0000","88101","PM2.5 - Local Conditions","42220","Santa Rosa, CA","06","California","097","Sonoma","38.403765","-122.818294"
"05/11/2016","AQS","060970004","3","4.3","ug/m3 LC","18","Sebastopol","1","100.0000","88101","PM2.5 - Local Conditions","42220","Santa Rosa, CA","06","California","097","Sonoma","38.403765","-122.818294"
"05/12/2016","AQS","060970004","3","2","ug/m3 LC","8","Sebastopol","1","100.0000","88101","PM2.5 - Local Conditions","42220","Santa Rosa, CA","06","California","097","Sonoma","38.403765","-122.818294"
"05/13/2016","AQS","060970004","3","2.5","ug/m3 LC","10","Sebastopol","1","100.0000","88101","PM2.5 - Local Conditions","42220","Santa Rosa, CA","06","California","097","Sonoma","38.403765","-122.818294"
"05/14/2016","AQS","060970004","3","1.2","ug/m3 LC","5","Sebastopol","1","100.0000","88101","PM2.5 - Local Conditions","42220","Santa Rosa, CA","06","California","097","Sonoma","38.403765","-122.818294"
"05/15/2016","AQS","060970004","3","0.1","ug/m3 LC","0","Sebastopol","1","100.0000","88101","PM2.5 - Local Conditions","42220","Santa Rosa, CA","06","California","097","Sonoma","38.403765","-122.818294"
"05/16/2016","AQS","060970004","3","2.5","ug/m3 LC","10","Sebastopol","1","100.0000","88101","PM2.5 - Local Conditions","42220","Santa Rosa, CA","06","California","097","Sonoma","38.403765","-122.818294"
"05/17/2016","AQS","060970004","3","4.2","ug/m3 LC","18","Sebastopol","1","100.0000","88101","PM2.5 - Local Conditions","42220","Santa Rosa, CA","06","California","097","Sonoma","38.403765","-122.818294"
"05/18/2016","AQS","060970004","3","9.3","ug/m3 LC","39","Sebastopol","1","100.0000","88101","PM2.5 - Local Conditions","42220","Santa Rosa, CA","06","California","097","Sonoma","38.403765","-122.818294"
"05/19/2016","AQS","060970004","3","4","ug/m3 LC","17","Sebastopol","1","100.0000","88101","PM2.5 - Local Conditions","42220","Santa Rosa, CA","06","California","097","Sonoma","38.403765","-122.818294"
"05/20/2016","AQS","060970004","3","1.4","ug/m3 LC","6","Sebastopol","1","100.0000","88101","PM2.5 - Local Conditions","42220","Santa Rosa, CA","06","California","097","Sonoma","38.403765","-122.818294"
"05/21/2016","AQS","060970004","3","1.1","ug/m3 LC","5","Sebastopol","1","100.0000","88101","PM2.5 - Local Conditions","42220","Santa Rosa, CA","06","California","097","Sonoma","38.403765","-122.818294"
"05/22/2016","AQS","060970004","3","-0.8","ug/m3 LC","0","Sebastopol","1","100.0000","88101","PM2.5 - Local Conditions","42220","Santa Rosa, CA","06","California","097","Sonoma","38.403765","-122.818294"
"05/23/2016","AQS","060970004","3","0","ug/m3 LC","0","Sebastopol","1","100.0000","88101","PM2.5 - Local Conditions","42220","Santa Rosa, CA","06","California","097","Sonoma","38.403765","-122.818294"
"05/24/2016","AQS","060970004","3","1.2","ug/m3 LC","5","Sebastopol","1","100.0000","88101","PM2.5 - Local Conditions","42220","Santa Rosa, CA","06","California","097","Sonoma","38.403765","-122.818294"
"05/25/2016","AQS","060970004","3","3.1","ug/m3 LC","13","Sebastopol","1","100.0000","88101","PM2.5 - Local Conditions","42220","Santa Rosa, CA","06","California","097","Sonoma","38.403765","-122.818294"
"05/26/2016","AQS","060970004","3","5.4","ug/m3 LC","23","Sebastopol","1","100.0000","88101","PM2.5 - Local Conditions","42220","Santa Rosa, CA","06","California","097","Sonoma","38.403765","-122.818294"
"05/27/2016","AQS","060970004","3","8.6","ug/m3 LC","36","Sebastopol","1","100.0000","88101","PM2.5 - Local Conditions","42220","Santa Rosa, CA","06","California","097","Sonoma","38.403765","-122.818294"
"05/28/2016","AQS","060970004","3","8.7","ug/m3 LC","36","Sebastopol","1","100.0000","88101","PM2.5 - Local Conditions","42220","Santa Rosa, CA","06","California","097","Sonoma","38.403765","-122.818294"
"05/29/2016","AQS","060970004","3","8.9","ug/m3 LC","37","Sebastopol","1","100.0000","88101","PM2.5 - Local Conditions","42220","Santa Rosa, CA","06","California","097","Sonoma","38.403765","-122.818294"
"05/30/2016","AQS","060970004","3","4.6","ug/m3 LC","19","Sebastopol","1","100.0000","88101","PM2.5 - Local Conditions","42220","Santa Rosa, CA","06","California","097","Sonoma","38.403765","-122.818294"
"05/31/2016","AQS","060970004","3","3.9","ug/m3 LC","16","Sebastopol","1","100.0000","88101","PM2.5 - Local Conditions","42220","Santa Rosa, CA","06","California","097","Sonoma","38.403765","-122.818294"
"06/01/2016","AQS","060970004","3","5","ug/m3 LC","21","Sebastopol","1","100.0000","88101","PM2.5 - Local Conditions","42220","Santa Rosa, CA","06","California","097","Sonoma","38.403765","-122.818294"
"06/02/2016","AQS","060970004","3","4.3","ug/m3 LC","18","Sebastopol","1","100.0000","88101","PM2.5 - Local Conditions","42220","Santa Rosa, CA","06","California","097","Sonoma","38.403765","-122.818294"
"06/03/2016","AQS","060970004","3","4.8","ug/m3 LC","20","Sebastopol","1","100.0000","88101","PM2.5 - Local Conditions","42220","Santa Rosa, CA","06","California","097","Sonoma","38.403765","-122.818294"
"06/04/2016","AQS","060970004","3","2.9","ug/m3 LC","12","Sebastopol","1","100.0000","88101","PM2.5 - Local Conditions","42220","Santa Rosa, CA","06","California","097","Sonoma","38.403765","-122.818294"
"06/05/2016","AQS","060970004","3","-1.3","ug/m3 LC","0","Sebastopol","1","100.0000","88101","PM2.5 - Local Conditions","42220","Santa Rosa, CA","06","California","097","Sonoma","38.403765","-122.818294"
"06/06/2016","AQS","060970004","3","-0.5","ug/m3 LC","0","Sebastopol","1","100.0000","88101","PM2.5 - Local Conditions","42220","Santa Rosa, CA","06","California","097","Sonoma","38.403765","-122.818294"
"06/07/2016","AQS","060970004","3","-0.1","ug/m3 LC","0","Sebastopol","1","100.0000","88101","PM2.5 - Local Conditions","42220","Santa Rosa, CA","06","California","097","Sonoma","38.403765","-122.818294"
"06/08/2016","AQS","060970004","3","1.7","ug/m3 LC","7","Sebastopol","1","100.0000","88101","PM2.5 - Local Conditions","42220","Santa Rosa, CA","06","California","097","Sonoma","38.403765","-122.818294"
"06/09/2016","AQS","060970004","3","1.8","ug/m3 LC","8","Sebastopol","1","100.0000","88101","PM2.5 - Local Conditions","42220","Santa Rosa, CA","06","California","097","Sonoma","38.403765","-122.818294"
"06/10/2016","AQS","060970004","3","2.6","ug/m3 LC","11","Sebastopol","1","100.0000","88101","PM2.5 - Local Conditions","42220","Santa Rosa, CA","06","California","097","Sonoma","38.403765","-122.818294"
"06/11/2016","AQS","060970004","3","4","ug/m3 LC","17","Sebastopol","1","100.0000","88101","PM2.5 - Local Conditions","42220","Santa Rosa, CA","06","California","097","Sonoma","38.403765","-122.818294"
"06/12/2016","AQS","060970004","3","9.3","ug/m3 LC","39","Sebastopol","1","100.0000","88101","PM2.5 - Local Conditions","42220","Santa Rosa, CA","06","California","097","Sonoma","38.403765","-122.818294"
"06/13/2016","AQS","060970004","3","2.5","ug/m3 LC","10","Sebastopol","1","100.0000","88101","PM2.5 - Local Conditions","42220","Santa Rosa, CA","06","California","097","Sonoma","38.403765","-122.818294"
"06/14/2016","AQS","060970004","3","2.5","ug/m3 LC","10","Sebastopol","1","100.0000","88101","PM2.5 - Local Conditions","42220","Santa Rosa, CA","06","California","097","Sonoma","38.403765","-122.818294"
"06/15/2016","AQS","060970004","3","2.9","ug/m3 LC","12","Sebastopol","1","100.0000","88101","PM2.5 - Local Conditions","42220","Santa Rosa, CA","06","California","097","Sonoma","38.403765","-122.818294"
"06/16/2016","AQS","060970004","3","1.2","ug/m3 LC","5","Sebastopol","1","100.0000","88101","PM2.5 - Local Conditions","42220","Santa Rosa, CA","06","California","097","Sonoma","38.403765","-122.818294"
"06/17/2016","AQS","060970004","3","0","ug/m3 LC","0","Sebastopol","1","100.0000","88101","PM2.5 - Local Conditions","42220","Santa Rosa, CA","06","California","097","Sonoma","38.403765","-122.818294"
"06/18/2016","AQS","060970004","3","0.5","ug/m3 LC","2","Sebastopol","1","100.0000","88101","PM2.5 - Local Conditions","42220","Santa Rosa, CA","06","California","097","Sonoma","38.403765","-122.818294"
"06/19/2016","AQS","060970004","3","2.9","ug/m3 LC","12","Sebastopol","1","100.0000","88101","PM2.5 - Local Conditions","42220","Santa Rosa, CA","06","California","097","Sonoma","38.403765","-122.818294"
"06/20/2016","AQS","060970004","3","6.1","ug/m3 LC","25","Sebastopol","1","100.0000","88101","PM2.5 - Local Conditions","42220","Santa Rosa, CA","06","California","097","Sonoma","38.403765","-122.818294"
"06/21/2016","AQS","060970004","3","8","ug/m3 LC","33","Sebastopol","1","100.0000","88101","PM2.5 - Local Conditions","42220","Santa Rosa, CA","06","California","097","Sonoma","38.403765","-122.818294"
"06/22/2016","AQS","060970004","3","6","ug/m3 LC","25","Sebastopol","1","100.0000","88101","PM2.5 - Local Conditions","42220","Santa Rosa, CA","06","California","097","Sonoma","38.403765","-122.818294"
"06/23/2016","AQS","060970004","3","3.2","ug/m3 LC","13","Sebastopol","1","100.0000","88101","PM2.5 - Local Conditions","42220","Santa Rosa, CA","06","California","097","Sonoma","38.403765","-122.818294"
"06/24/2016","AQS","060970004","3","3.3","ug/m3 LC","14","Sebastopol","1","100.0000","88101","PM2.5 - Local Conditions","42220","Santa Rosa, CA","06","California","097","Sonoma","38.403765","-122.818294"
"06/25/2016","AQS","060970004","3","7.6","ug/m3 LC","32","Sebastopol","1","100.0000","88101","PM2.5 - Local Conditions","42220","Santa Rosa, CA","06","California","097","Sonoma","38.403765","-122.818294"
"06/26/2016","AQS","060970004","3","7.4","ug/m3 LC","31","Sebastopol","1","100.0000","88101","PM2.5 - Local Conditions","42220","Santa Rosa, CA","06","California","097","Sonoma","38.403765","-122.818294"
"06/27/2016","AQS","060970004","3","6.8","ug/m3 LC","28","Sebastopol","1","100.0000","88101","PM2.5 - Local Conditions","42220","Santa Rosa, CA","06","California","097","Sonoma","38.403765","-122.818294"
"06/28/2016","AQS","060970004","3","8.2","ug/m3 LC","34","Sebastopol","1","100.0000","88101","PM2.5 - Local Conditions","42220","Santa Rosa, CA","06","California","097","Sonoma","38.403765","-122.818294"
"06/29/2016","AQS","060970004","3","7.9","ug/m3 LC","33","Sebastopol","1","100.0000","88101","PM2.5 - Local Conditions","42220","Santa Rosa, CA","06","California","097","Sonoma","38.403765","-122.818294"
"06/30/2016","AQS","060970004","3","10.6","ug/m3 LC","44","Sebastopol","1","100.0000","88101","PM2.5 - Local Conditions","42220","Santa Rosa, CA","06","California","097","Sonoma","38.403765","-122.818294"
"07/01/2016","AQS","060970004","3","13.1","ug/m3 LC","53","Sebastopol","1","100.0000","88101","PM2.5 - Local Conditions","42220","Santa Rosa, CA","06","California","097","Sonoma","38.403765","-122.818294"
"07/02/2016","AQS","060970004","3","2.7","ug/m3 LC","11","Sebastopol","1","100.0000","88101","PM2.5 - Local Conditions","42220","Santa Rosa, CA","06","California","097","Sonoma","38.403765","-122.818294"
"07/03/2016","AQS","060970004","3","0.3","ug/m3 LC","1","Sebastopol","1","100.0000","88101","PM2.5 - Local Conditions","42220","Santa Rosa, CA","06","California","097","Sonoma","38.403765","-122.818294"
"07/04/2016","AQS","060970004","3","0.4","ug/m3 LC","2","Sebastopol","1","100.0000","88101","PM2.5 - Local Conditions","42220","Santa Rosa, CA","06","California","097","Sonoma","38.403765","-122.818294"
"07/05/2016","AQS","060970004","3","1.1","ug/m3 LC","5","Sebastopol","1","100.0000","88101","PM2.5 - Local Conditions","42220","Santa Rosa, CA","06","California","097","Sonoma","38.403765","-122.818294"
"07/06/2016","AQS","060970004","3","6.2","ug/m3 LC","26","Sebastopol","1","100.0000","88101","PM2.5 - Local Conditions","42220","Santa Rosa, CA","06","California","097","Sonoma","38.403765","-122.818294"
"07/07/2016","AQS","060970004","3","3.5","ug/m3 LC","15","Sebastopol","1","100.0000","88101","PM2.5 - Local Conditions","42220","Santa Rosa, CA","06","California","097","Sonoma","38.403765","-122.818294"
"07/08/2016","AQS","060970004","3","0.3","ug/m3 LC","1","Sebastopol","1","100.0000","88101","PM2.5 - Local Conditions","42220","Santa Rosa, CA","06","California","097","Sonoma","38.403765","-122.818294"
"07/09/2016","AQS","060970004","3","-1.4","ug/m3 LC","0","Sebastopol","1","100.0000","88101","PM2.5 - Local Conditions","42220","Santa Rosa, CA","06","California","097","Sonoma","38.403765","-122.818294"
"07/10/2016","AQS","060970004","3","1.5","ug/m3 LC","6","Sebastopol","1","100.0000","88101","PM2.5 - Local Conditions","42220","Santa Rosa, CA","06","California","097","Sonoma","38.403765","-122.818294"
"07/11/2016","AQS","060970004","3","4","ug/m3 LC","17","Sebastopol","1","100.0000","88101","PM2.5 - Local Conditions","42220","Santa Rosa, CA","06","California","097","Sonoma","38.403765","-122.818294"
"07/12/2016","AQS","060970004","3","3.3","ug/m3 LC","14","Sebastopol","1","100.0000","88101","PM2.5 - Local Conditions","42220","Santa Rosa, CA","06","California","097","Sonoma","38.403765","-122.818294"
"07/13/2016","AQS","060970004","3","4.4","ug/m3 LC","18","Sebastopol","1","100.0000","88101","PM2.5 - Local Conditions","42220","Santa Rosa, CA","06","California","097","Sonoma","38.403765","-122.818294"
"07/14/2016","AQS","060970004","3","5.5","ug/m3 LC","23","Sebastopol","1","100.0000","88101","PM2.5 - Local Conditions","42220","Santa Rosa, CA","06","California","097","Sonoma","38.403765","-122.818294"
"07/15/2016","AQS","060970004","3","2.6","ug/m3 LC","11","Sebastopol","1","100.0000","88101","PM2.5 - Local Conditions","42220","Santa Rosa, CA","06","California","097","Sonoma","38.403765","-122.818294"
"07/16/2016","AQS","060970004","3","3","ug/m3 LC","13","Sebastopol","1","100.0000","88101","PM2.5 - Local Conditions","42220","Santa Rosa, CA","06","California","097","Sonoma","38.403765","-122.818294"
"07/17/2016","AQS","060970004","3","2.7","ug/m3 LC","11","Sebastopol","1","100.0000","88101","PM2.5 - Local Conditions","42220","Santa Rosa, CA","06","California","097","Sonoma","38.403765","-122.818294"
"07/18/2016","AQS","060970004","3","0.8","ug/m3 LC","3","Sebastopol","1","100.0000","88101","PM2.5 - Local Conditions","42220","Santa Rosa, CA","06","California","097","Sonoma","38.403765","-122.818294"
"07/19/2016","AQS","060970004","3","0","ug/m3 LC","0","Sebastopol","1","100.0000","88101","PM2.5 - Local Conditions","42220","Santa Rosa, CA","06","California","097","Sonoma","38.403765","-122.818294"
"07/20/2016","AQS","060970004","3","1.7","ug/m3 LC","7","Sebastopol","1","100.0000","88101","PM2.5 - Local Conditions","42220","Santa Rosa, CA","06","California","097","Sonoma","38.403765","-122.818294"
"07/21/2016","AQS","060970004","3","2.3","ug/m3 LC","10","Sebastopol","1","100.0000","88101","PM2.5 - Local Conditions","42220","Santa Rosa, CA","06","California","097","Sonoma","38.403765","-122.818294"
"07/22/2016","AQS","060970004","3","2.9","ug/m3 LC","12","Sebastopol","1","100.0000","88101","PM2.5 - Local Conditions","42220","Santa Rosa, CA","06","California","097","Sonoma","38.403765","-122.818294"
"07/23/2016","AQS","060970004","3","7.7","ug/m3 LC","32","Sebastopol","1","100.0000","88101","PM2.5 - Local Conditions","42220","Santa Rosa, CA","06","California","097","Sonoma","38.403765","-122.818294"
"07/24/2016","AQS","060970004","3","9.6","ug/m3 LC","40","Sebastopol","1","100.0000","88101","PM2.5 - Local Conditions","42220","Santa Rosa, CA","06","California","097","Sonoma","38.403765","-122.818294"
"07/25/2016","AQS","060970004","3","4.3","ug/m3 LC","18","Sebastopol","1","100.0000","88101","PM2.5 - Local Conditions","42220","Santa Rosa, CA","06","California","097","Sonoma","38.403765","-122.818294"
"07/26/2016","AQS","060970004","3","2.7","ug/m3 LC","11","Sebastopol","1","100.0000","88101","PM2.5 - Local Conditions","42220","Santa Rosa, CA","06","California","097","Sonoma","38.403765","-122.818294"
"07/27/2016","AQS","060970004","3","3.3","ug/m3 LC","14","Sebastopol","1","100.0000","88101","PM2.5 - Local Conditions","42220","Santa Rosa, CA","06","California","097","Sonoma","38.403765","-122.818294"
"07/29/2016","AQS","060970004","3","-0.1","ug/m3 LC","0","Sebastopol","1","100.0000","88101","PM2.5 - Local Conditions","42220","Santa Rosa, CA","06","California","097","Sonoma","38.403765","-122.818294"
"07/30/2016","AQS","060970004","3","0","ug/m3 LC","0","Sebastopol","1","100.0000","88101","PM2.5 - Local Conditions","42220","Santa Rosa, CA","06","California","097","Sonoma","38.403765","-122.818294"
"07/31/2016","AQS","060970004","3","-0.8","ug/m3 LC","0","Sebastopol","1","100.0000","88101","PM2.5 - Local Conditions","42220","Santa Rosa, CA","06","California","097","Sonoma","38.403765","-122.818294"
"08/01/2016","AQS","060970004","3","0.7","ug/m3 LC","3","Sebastopol","1","100.0000","88101","PM2.5 - Local Conditions","42220","Santa Rosa, CA","06","California","097","Sonoma","38.403765","-122.818294"
"08/02/2016","AQS","060970004","3","-0.5","ug/m3 LC","0","Sebastopol","1","100.0000","88101","PM2.5 - Local Conditions","42220","Santa Rosa, CA","06","California","097","Sonoma","38.403765","-122.818294"
"08/03/2016","AQS","060970004","3","2.1","ug/m3 LC","9","Sebastopol","1","100.0000","88101","PM2.5 - Local Conditions","42220","Santa Rosa, CA","06","California","097","Sonoma","38.403765","-122.818294"
"08/04/2016","AQS","060970004","3","2.1","ug/m3 LC","9","Sebastopol","1","100.0000","88101","PM2.5 - Local Conditions","42220","Santa Rosa, CA","06","California","097","Sonoma","38.403765","-122.818294"
"08/05/2016","AQS","060970004","3","0","ug/m3 LC","0","Sebastopol","1","100.0000","88101","PM2.5 - Local Conditions","42220","Santa Rosa, CA","06","California","097","Sonoma","38.403765","-122.818294"
"08/06/2016","AQS","060970004","3","4","ug/m3 LC","17","Sebastopol","1","100.0000","88101","PM2.5 - Local Conditions","42220","Santa Rosa, CA","06","California","097","Sonoma","38.403765","-122.818294"
"08/07/2016","AQS","060970004","3","2.1","ug/m3 LC","9","Sebastopol","1","100.0000","88101","PM2.5 - Local Conditions","42220","Santa Rosa, CA","06","California","097","Sonoma","38.403765","-122.818294"
"08/08/2016","AQS","060970004","3","1.5","ug/m3 LC","6","Sebastopol","1","100.0000","88101","PM2.5 - Local Conditions","42220","Santa Rosa, CA","06","California","097","Sonoma","38.403765","-122.818294"
"08/09/2016","AQS","060970004","3","3.3","ug/m3 LC","14","Sebastopol","1","100.0000","88101","PM2.5 - Local Conditions","42220","Santa Rosa, CA","06","California","097","Sonoma","38.403765","-122.818294"
"08/10/2016","AQS","060970004","3","2.8","ug/m3 LC","12","Sebastopol","1","100.0000","88101","PM2.5 - Local Conditions","42220","Santa Rosa, CA","06","California","097","Sonoma","38.403765","-122.818294"
"08/11/2016","AQS","060970004","3","-3","ug/m3 LC","0","Sebastopol","1","100.0000","88101","PM2.5 - Local Conditions","42220","Santa Rosa, CA","06","California","097","Sonoma","38.403765","-122.818294"
"08/12/2016","AQS","060970004","3","-0.1","ug/m3 LC","0","Sebastopol","1","100.0000","88101","PM2.5 - Local Conditions","42220","Santa Rosa, CA","06","California","097","Sonoma","38.403765","-122.818294"
"08/13/2016","AQS","060970004","3","1.5","ug/m3 LC","6","Sebastopol","1","100.0000","88101","PM2.5 - Local Conditions","42220","Santa Rosa, CA","06","California","097","Sonoma","38.403765","-122.818294"
"08/14/2016","AQS","060970004","3","-0.7","ug/m3 LC","0","Sebastopol","1","100.0000","88101","PM2.5 - Local Conditions","42220","Santa Rosa, CA","06","California","097","Sonoma","38.403765","-122.818294"
"08/15/2016","AQS","060970004","3","-1.3","ug/m3 LC","0","Sebastopol","1","100.0000","88101","PM2.5 - Local Conditions","42220","Santa Rosa, CA","06","California","097","Sonoma","38.403765","-122.818294"
"08/16/2016","AQS","060970004","3","-1.1","ug/m3 LC","0","Sebastopol","1","100.0000","88101","PM2.5 - Local Conditions","42220","Santa Rosa, CA","06","California","097","Sonoma","38.403765","-122.818294"
"08/17/2016","AQS","060970004","3","-0.5","ug/m3 LC","0","Sebastopol","1","100.0000","88101","PM2.5 - Local Conditions","42220","Santa Rosa, CA","06","California","097","Sonoma","38.403765","-122.818294"
"08/18/2016","AQS","060970004","3","0.5","ug/m3 LC","2","Sebastopol","1","100.0000","88101","PM2.5 - Local Conditions","42220","Santa Rosa, CA","06","California","097","Sonoma","38.403765","-122.818294"
"08/19/2016","AQS","060970004","3","5","ug/m3 LC","21","Sebastopol","1","100.0000","88101","PM2.5 - Local Conditions","42220","Santa Rosa, CA","06","California","097","Sonoma","38.403765","-122.818294"
"08/20/2016","AQS","060970004","3","3.7","ug/m3 LC","15","Sebastopol","1","100.0000","88101","PM2.5 - Local Conditions","42220","Santa Rosa, CA","06","California","097","Sonoma","38.403765","-122.818294"
"08/21/2016","AQS","060970004","3","-1","ug/m3 LC","0","Sebastopol","1","100.0000","88101","PM2.5 - Local Conditions","42220","Santa Rosa, CA","06","California","097","Sonoma","38.403765","-122.818294"
"08/22/2016","AQS","060970004","3","-1.8","ug/m3 LC","0","Sebastopol","1","100.0000","88101","PM2.5 - Local Conditions","42220","Santa Rosa, CA","06","California","097","Sonoma","38.403765","-122.818294"
"08/23/2016","AQS","060970004","3","-1.2","ug/m3 LC","0","Sebastopol","1","100.0000","88101","PM2.5 - Local Conditions","42220","Santa Rosa, CA","06","California","097","Sonoma","38.403765","-122.818294"
"08/24/2016","AQS","060970004","3","0.2","ug/m3 LC","1","Sebastopol","1","100.0000","88101","PM2.5 - Local Conditions","42220","Santa Rosa, CA","06","California","097","Sonoma","38.403765","-122.818294"
"08/25/2016","AQS","060970004","3","-0.7","ug/m3 LC","0","Sebastopol","1","100.0000","88101","PM2.5 - Local Conditions","42220","Santa Rosa, CA","06","California","097","Sonoma","38.403765","-122.818294"
"08/26/2016","AQS","060970004","3","1.8","ug/m3 LC","8","Sebastopol","1","100.0000","88101","PM2.5 - Local Conditions","42220","Santa Rosa, CA","06","California","097","Sonoma","38.403765","-122.818294"
"08/27/2016","AQS","060970004","3","4","ug/m3 LC","17","Sebastopol","1","100.0000","88101","PM2.5 - Local Conditions","42220","Santa Rosa, CA","06","California","097","Sonoma","38.403765","-122.818294"
"08/28/2016","AQS","060970004","3","2.2","ug/m3 LC","9","Sebastopol","1","100.0000","88101","PM2.5 - Local Conditions","42220","Santa Rosa, CA","06","California","097","Sonoma","38.403765","-122.818294"
"08/29/2016","AQS","060970004","3","1.6","ug/m3 LC","7","Sebastopol","1","100.0000","88101","PM2.5 - Local Conditions","42220","Santa Rosa, CA","06","California","097","Sonoma","38.403765","-122.818294"
"08/30/2016","AQS","060970004","3","0.9","ug/m3 LC","4","Sebastopol","1","100.0000","88101","PM2.5 - Local Conditions","42220","Santa Rosa, CA","06","California","097","Sonoma","38.403765","-122.818294"
"08/31/2016","AQS","060970004","3","1","ug/m3 LC","4","Sebastopol","1","100.0000","88101","PM2.5 - Local Conditions","42220","Santa Rosa, CA","06","California","097","Sonoma","38.403765","-122.818294"
"09/01/2016","AQS","060970004","3","2.5","ug/m3 LC","10","Sebastopol","1","100.0000","88101","PM2.5 - Local Conditions","42220","Santa Rosa, CA","06","California","097","Sonoma","38.403765","-122.818294"
"09/02/2016","AQS","060970004","3","5.2","ug/m3 LC","22","Sebastopol","1","100.0000","88101","PM2.5 - Local Conditions","42220","Santa Rosa, CA","06","California","097","Sonoma","38.403765","-122.818294"
"09/03/2016","AQS","060970004","3","5.7","ug/m3 LC","24","Sebastopol","1","100.0000","88101","PM2.5 - Local Conditions","42220","Santa Rosa, CA","06","California","097","Sonoma","38.403765","-122.818294"
"09/04/2016","AQS","060970004","3","3.3","ug/m3 LC","14","Sebastopol","1","100.0000","88101","PM2.5 - Local Conditions","42220","Santa Rosa, CA","06","California","097","Sonoma","38.403765","-122.818294"
"09/05/2016","AQS","060970004","3","6.5","ug/m3 LC","27","Sebastopol","1","100.0000","88101","PM2.5 - Local Conditions","42220","Santa Rosa, CA","06","California","097","Sonoma","38.403765","-122.818294"
"09/06/2016","AQS","060970004","3","8","ug/m3 LC","33","Sebastopol","1","100.0000","88101","PM2.5 - Local Conditions","42220","Santa Rosa, CA","06","California","097","Sonoma","38.403765","-122.818294"
"09/07/2016","AQS","060970004","3","8.8","ug/m3 LC","37","Sebastopol","1","100.0000","88101","PM2.5 - Local Conditions","42220","Santa Rosa, CA","06","California","097","Sonoma","38.403765","-122.818294"
"09/08/2016","AQS","060970004","3","5.3","ug/m3 LC","22","Sebastopol","1","100.0000","88101","PM2.5 - Local Conditions","42220","Santa Rosa, CA","06","California","097","Sonoma","38.403765","-122.818294"
"09/14/2016","AQS","060970004","3","6.4","ug/m3 LC","27","Sebastopol","1","100.0000","88101","PM2.5 - Local Conditions","42220","Santa Rosa, CA","06","California","097","Sonoma","38.403765","-122.818294"
"09/15/2016","AQS","060970004","3","5","ug/m3 LC","21","Sebastopol","1","100.0000","88101","PM2.5 - Local Conditions","42220","Santa Rosa, CA","06","California","097","Sonoma","38.403765","-122.818294"
"09/16/2016","AQS","060970004","3","6.2","ug/m3 LC","26","Sebastopol","1","100.0000","88101","PM2.5 - Local Conditions","42220","Santa Rosa, CA","06","California","097","Sonoma","38.403765","-122.818294"
"09/17/2016","AQS","060970004","3","3.2","ug/m3 LC","13","Sebastopol","1","100.0000","88101","PM2.5 - Local Conditions","42220","Santa Rosa, CA","06","California","097","Sonoma","38.403765","-122.818294"
"09/18/2016","AQS","060970004","3","4.5","ug/m3 LC","19","Sebastopol","1","100.0000","88101","PM2.5 - Local Conditions","42220","Santa Rosa, CA","06","California","097","Sonoma","38.403765","-122.818294"
"09/19/2016","AQS","060970004","3","4.6","ug/m3 LC","19","Sebastopol","1","100.0000","88101","PM2.5 - Local Conditions","42220","Santa Rosa, CA","06","California","097","Sonoma","38.403765","-122.818294"
"09/20/2016","AQS","060970004","3","8.6","ug/m3 LC","36","Sebastopol","1","100.0000","88101","PM2.5 - Local Conditions","42220","Santa Rosa, CA","06","California","097","Sonoma","38.403765","-122.818294"
"09/21/2016","AQS","060970004","3","4.4","ug/m3 LC","18","Sebastopol","1","100.0000","88101","PM2.5 - Local Conditions","42220","Santa Rosa, CA","06","California","097","Sonoma","38.403765","-122.818294"
"09/22/2016","AQS","060970004","3","4.1","ug/m3 LC","17","Sebastopol","1","100.0000","88101","PM2.5 - Local Conditions","42220","Santa Rosa, CA","06","California","097","Sonoma","38.403765","-122.818294"
"09/23/2016","AQS","060970004","3","4","ug/m3 LC","17","Sebastopol","1","100.0000","88101","PM2.5 - Local Conditions","42220","Santa Rosa, CA","06","California","097","Sonoma","38.403765","-122.818294"
"09/24/2016","AQS","060970004","3","5.6","ug/m3 LC","23","Sebastopol","1","100.0000","88101","PM2.5 - Local Conditions","42220","Santa Rosa, CA","06","California","097","Sonoma","38.403765","-122.818294"
"09/25/2016","AQS","060970004","3","5.7","ug/m3 LC","24","Sebastopol","1","100.0000","88101","PM2.5 - Local Conditions","42220","Santa Rosa, CA","06","California","097","Sonoma","38.403765","-122.818294"
"09/26/2016","AQS","060970004","3","7.7","ug/m3 LC","32","Sebastopol","1","100.0000","88101","PM2.5 - Local Conditions","42220","Santa Rosa, CA","06","California","097","Sonoma","38.403765","-122.818294"
"09/27/2016","AQS","060970004","3","5.7","ug/m3 LC","24","Sebastopol","1","100.0000","88101","PM2.5 - Local Conditions","42220","Santa Rosa, CA","06","California","097","Sonoma","38.403765","-122.818294"
"09/28/2016","AQS","060970004","3","4.3","ug/m3 LC","18","Sebastopol","1","100.0000","88101","PM2.5 - Local Conditions","42220","Santa Rosa, CA","06","California","097","Sonoma","38.403765","-122.818294"
"09/29/2016","AQS","060970004","3","6.4","ug/m3 LC","27","Sebastopol","1","100.0000","88101","PM2.5 - Local Conditions","42220","Santa Rosa, CA","06","California","097","Sonoma","38.403765","-122.818294"
"09/30/2016","AQS","060970004","3","7.2","ug/m3 LC","30","Sebastopol","1","100.0000","88101","PM2.5 - Local Conditions","42220","Santa Rosa, CA","06","California","097","Sonoma","38.403765","-122.818294"
"10/01/2016","AQS","060970004","3","4.3","ug/m3 LC","18","Sebastopol","1","100.0000","88101","PM2.5 - Local Conditions","42220","Santa Rosa, CA","06","California","097","Sonoma","38.403765","-122.818294"
"10/02/2016","AQS","060970004","3","4","ug/m3 LC","17","Sebastopol","1","100.0000","88101","PM2.5 - Local Conditions","42220","Santa Rosa, CA","06","California","097","Sonoma","38.403765","-122.818294"
"10/03/2016","AQS","060970004","3","3.3","ug/m3 LC","14","Sebastopol","1","100.0000","88101","PM2.5 - Local Conditions","42220","Santa Rosa, CA","06","California","097","Sonoma","38.403765","-122.818294"
"10/04/2016","AQS","060970004","3","3.7","ug/m3 LC","15","Sebastopol","1","100.0000","88101","PM2.5 - Local Conditions","42220","Santa Rosa, CA","06","California","097","Sonoma","38.403765","-122.818294"
"10/05/2016","AQS","060970004","3","7.1","ug/m3 LC","30","Sebastopol","1","100.0000","88101","PM2.5 - Local Conditions","42220","Santa Rosa, CA","06","California","097","Sonoma","38.403765","-122.818294"
"10/06/2016","AQS","060970004","3","4.7","ug/m3 LC","20","Sebastopol","1","100.0000","88101","PM2.5 - Local Conditions","42220","Santa Rosa, CA","06","California","097","Sonoma","38.403765","-122.818294"
"10/07/2016","AQS","060970004","3","5","ug/m3 LC","21","Sebastopol","1","100.0000","88101","PM2.5 - Local Conditions","42220","Santa Rosa, CA","06","California","097","Sonoma","38.403765","-122.818294"
"10/08/2016","AQS","060970004","3","4.5","ug/m3 LC","19","Sebastopol","1","100.0000","88101","PM2.5 - Local Conditions","42220","Santa Rosa, CA","06","California","097","Sonoma","38.403765","-122.818294"
"10/09/2016","AQS","060970004","3","4.2","ug/m3 LC","18","Sebastopol","1","100.0000","88101","PM2.5 - Local Conditions","42220","Santa Rosa, CA","06","California","097","Sonoma","38.403765","-122.818294"
"10/10/2016","AQS","060970004","3","4.7","ug/m3 LC","20","Sebastopol","1","100.0000","88101","PM2.5 - Local Conditions","42220","Santa Rosa, CA","06","California","097","Sonoma","38.403765","-122.818294"
"10/11/2016","AQS","060970004","3","4.8","ug/m3 LC","20","Sebastopol","1","100.0000","88101","PM2.5 - Local Conditions","42220","Santa Rosa, CA","06","California","097","Sonoma","38.403765","-122.818294"
"10/12/2016","AQS","060970004","3","2.9","ug/m3 LC","12","Sebastopol","1","100.0000","88101","PM2.5 - Local Conditions","42220","Santa Rosa, CA","06","California","097","Sonoma","38.403765","-122.818294"
"10/13/2016","AQS","060970004","3","2.3","ug/m3 LC","10","Sebastopol","1","100.0000","88101","PM2.5 - Local Conditions","42220","Santa Rosa, CA","06","California","097","Sonoma","38.403765","-122.818294"
"10/14/2016","AQS","060970004","3","3","ug/m3 LC","13","Sebastopol","1","100.0000","88101","PM2.5 - Local Conditions","42220","Santa Rosa, CA","06","California","097","Sonoma","38.403765","-122.818294"
"10/15/2016","AQS","060970004","3","3.5","ug/m3 LC","15","Sebastopol","1","100.0000","88101","PM2.5 - Local Conditions","42220","Santa Rosa, CA","06","California","097","Sonoma","38.403765","-122.818294"
"10/16/2016","AQS","060970004","3","4","ug/m3 LC","17","Sebastopol","1","100.0000","88101","PM2.5 - Local Conditions","42220","Santa Rosa, CA","06","California","097","Sonoma","38.403765","-122.818294"
"10/17/2016","AQS","060970004","3","4.4","ug/m3 LC","18","Sebastopol","1","100.0000","88101","PM2.5 - Local Conditions","42220","Santa Rosa, CA","06","California","097","Sonoma","38.403765","-122.818294"
"10/18/2016","AQS","060970004","3","2.8","ug/m3 LC","12","Sebastopol","1","100.0000","88101","PM2.5 - Local Conditions","42220","Santa Rosa, CA","06","California","097","Sonoma","38.403765","-122.818294"
"10/19/2016","AQS","060970004","3","3.7","ug/m3 LC","15","Sebastopol","1","100.0000","88101","PM2.5 - Local Conditions","42220","Santa Rosa, CA","06","California","097","Sonoma","38.403765","-122.818294"
"10/20/2016","AQS","060970004","3","3","ug/m3 LC","13","Sebastopol","1","100.0000","88101","PM2.5 - Local Conditions","42220","Santa Rosa, CA","06","California","097","Sonoma","38.403765","-122.818294"
"10/21/2016","AQS","060970004","3","2.5","ug/m3 LC","10","Sebastopol","1","100.0000","88101","PM2.5 - Local Conditions","42220","Santa Rosa, CA","06","California","097","Sonoma","38.403765","-122.818294"
"10/22/2016","AQS","060970004","3","5","ug/m3 LC","21","Sebastopol","1","100.0000","88101","PM2.5 - Local Conditions","42220","Santa Rosa, CA","06","California","097","Sonoma","38.403765","-122.818294"
"10/23/2016","AQS","060970004","3","5","ug/m3 LC","21","Sebastopol","1","100.0000","88101","PM2.5 - Local Conditions","42220","Santa Rosa, CA","06","California","097","Sonoma","38.403765","-122.818294"
"10/24/2016","AQS","060970004","3","3.5","ug/m3 LC","15","Sebastopol","1","100.0000","88101","PM2.5 - Local Conditions","42220","Santa Rosa, CA","06","California","097","Sonoma","38.403765","-122.818294"
"10/25/2016","AQS","060970004","3","0","ug/m3 LC","0","Sebastopol","1","100.0000","88101","PM2.5 - Local Conditions","42220","Santa Rosa, CA","06","California","097","Sonoma","38.403765","-122.818294"
"10/26/2016","AQS","060970004","3","3.1","ug/m3 LC","13","Sebastopol","1","100.0000","88101","PM2.5 - Local Conditions","42220","Santa Rosa, CA","06","California","097","Sonoma","38.403765","-122.818294"
"10/27/2016","AQS","060970004","3","5.4","ug/m3 LC","23","Sebastopol","1","100.0000","88101","PM2.5 - Local Conditions","42220","Santa Rosa, CA","06","California","097","Sonoma","38.403765","-122.818294"
"10/28/2016","AQS","060970004","3","0.5","ug/m3 LC","2","Sebastopol","1","100.0000","88101","PM2.5 - Local Conditions","42220","Santa Rosa, CA","06","California","097","Sonoma","38.403765","-122.818294"
"10/29/2016","AQS","060970004","3","1.3","ug/m3 LC","5","Sebastopol","1","100.0000","88101","PM2.5 - Local Conditions","42220","Santa Rosa, CA","06","California","097","Sonoma","38.403765","-122.818294"
"10/30/2016","AQS","060970004","3","2.5","ug/m3 LC","10","Sebastopol","1","100.0000","88101","PM2.5 - Local Conditions","42220","Santa Rosa, CA","06","California","097","Sonoma","38.403765","-122.818294"
"10/31/2016","AQS","060970004","3","1.9","ug/m3 LC","8","Sebastopol","1","100.0000","88101","PM2.5 - Local Conditions","42220","Santa Rosa, CA","06","California","097","Sonoma","38.403765","-122.818294"
"11/01/2016","AQS","060970004","3","2.7","ug/m3 LC","11","Sebastopol","1","100.0000","88101","PM2.5 - Local Conditions","42220","Santa Rosa, CA","06","California","097","Sonoma","38.403765","-122.818294"
"11/02/2016","AQS","060970004","3","5.3","ug/m3 LC","22","Sebastopol","1","100.0000","88101","PM2.5 - Local Conditions","42220","Santa Rosa, CA","06","California","097","Sonoma","38.403765","-122.818294"
"11/03/2016","AQS","060970004","3","7.5","ug/m3 LC","31","Sebastopol","1","100.0000","88101","PM2.5 - Local Conditions","42220","Santa Rosa, CA","06","California","097","Sonoma","38.403765","-122.818294"
"11/04/2016","AQS","060970004","3","8","ug/m3 LC","33","Sebastopol","1","100.0000","88101","PM2.5 - Local Conditions","42220","Santa Rosa, CA","06","California","097","Sonoma","38.403765","-122.818294"
"11/05/2016","AQS","060970004","3","5.4","ug/m3 LC","23","Sebastopol","1","100.0000","88101","PM2.5 - Local Conditions","42220","Santa Rosa, CA","06","California","097","Sonoma","38.403765","-122.818294"
"11/06/2016","AQS","060970004","3","3.7","ug/m3 LC","15","Sebastopol","1","100.0000","88101","PM2.5 - Local Conditions","42220","Santa Rosa, CA","06","California","097","Sonoma","38.403765","-122.818294"
"11/07/2016","AQS","060970004","3","4.9","ug/m3 LC","20","Sebastopol","1","100.0000","88101","PM2.5 - Local Conditions","42220","Santa Rosa, CA","06","California","097","Sonoma","38.403765","-122.818294"
"11/08/2016","AQS","060970004","3","4.5","ug/m3 LC","19","Sebastopol","1","100.0000","88101","PM2.5 - Local Conditions","42220","Santa Rosa, CA","06","California","097","Sonoma","38.403765","-122.818294"
"11/09/2016","AQS","060970004","3","5.3","ug/m3 LC","22","Sebastopol","1","100.0000","88101","PM2.5 - Local Conditions","42220","Santa Rosa, CA","06","California","097","Sonoma","38.403765","-122.818294"
"11/10/2016","AQS","060970004","3","6","ug/m3 LC","25","Sebastopol","1","100.0000","88101","PM2.5 - Local Conditions","42220","Santa Rosa, CA","06","California","097","Sonoma","38.403765","-122.818294"
"11/11/2016","AQS","060970004","3","9.9","ug/m3 LC","41","Sebastopol","1","100.0000","88101","PM2.5 - Local Conditions","42220","Santa Rosa, CA","06","California","097","Sonoma","38.403765","-122.818294"
"11/12/2016","AQS","060970004","3","4.5","ug/m3 LC","19","Sebastopol","1","100.0000","88101","PM2.5 - Local Conditions","42220","Santa Rosa, CA","06","California","097","Sonoma","38.403765","-122.818294"
"11/13/2016","AQS","060970004","3","4.2","ug/m3 LC","18","Sebastopol","1","100.0000","88101","PM2.5 - Local Conditions","42220","Santa Rosa, CA","06","California","097","Sonoma","38.403765","-122.818294"
"11/14/2016","AQS","060970004","3","4.2","ug/m3 LC","18","Sebastopol","1","100.0000","88101","PM2.5 - Local Conditions","42220","Santa Rosa, CA","06","California","097","Sonoma","38.403765","-122.818294"
"11/15/2016","AQS","060970004","3","5.9","ug/m3 LC","25","Sebastopol","1","100.0000","88101","PM2.5 - Local Conditions","42220","Santa Rosa, CA","06","California","097","Sonoma","38.403765","-122.818294"
"11/16/2016","AQS","060970004","3","6.2","ug/m3 LC","26","Sebastopol","1","100.0000","88101","PM2.5 - Local Conditions","42220","Santa Rosa, CA","06","California","097","Sonoma","38.403765","-122.818294"
"11/17/2016","AQS","060970004","3","6.3","ug/m3 LC","26","Sebastopol","1","100.0000","88101","PM2.5 - Local Conditions","42220","Santa Rosa, CA","06","California","097","Sonoma","38.403765","-122.818294"
"11/18/2016","AQS","060970004","3","10.2","ug/m3 LC","43","Sebastopol","1","100.0000","88101","PM2.5 - Local Conditions","42220","Santa Rosa, CA","06","California","097","Sonoma","38.403765","-122.818294"
"11/19/2016","AQS","060970004","3","2.3","ug/m3 LC","10","Sebastopol","1","100.0000","88101","PM2.5 - Local Conditions","42220","Santa Rosa, CA","06","California","097","Sonoma","38.403765","-122.818294"
"11/20/2016","AQS","060970004","3","5.3","ug/m3 LC","22","Sebastopol","1","100.0000","88101","PM2.5 - Local Conditions","42220","Santa Rosa, CA","06","California","097","Sonoma","38.403765","-122.818294"
"11/21/2016","AQS","060970004","3","5.2","ug/m3 LC","22","Sebastopol","1","100.0000","88101","PM2.5 - Local Conditions","42220","Santa Rosa, CA","06","California","097","Sonoma","38.403765","-122.818294"
"11/22/2016","AQS","060970004","3","5","ug/m3 LC","21","Sebastopol","1","100.0000","88101","PM2.5 - Local Conditions","42220","Santa Rosa, CA","06","California","097","Sonoma","38.403765","-122.818294"
"11/23/2016","AQS","060970004","3","8.2","ug/m3 LC","34","Sebastopol","1","100.0000","88101","PM2.5 - Local Conditions","42220","Santa Rosa, CA","06","California","097","Sonoma","38.403765","-122.818294"
"11/24/2016","AQS","060970004","3","7.8","ug/m3 LC","33","Sebastopol","1","100.0000","88101","PM2.5 - Local Conditions","42220","Santa Rosa, CA","06","California","097","Sonoma","38.403765","-122.818294"
"11/25/2016","AQS","060970004","3","12.4","ug/m3 LC","52","Sebastopol","1","100.0000","88101","PM2.5 - Local Conditions","42220","Santa Rosa, CA","06","California","097","Sonoma","38.403765","-122.818294"
"11/26/2016","AQS","060970004","3","4.9","ug/m3 LC","20","Sebastopol","1","100.0000","88101","PM2.5 - Local Conditions","42220","Santa Rosa, CA","06","California","097","Sonoma","38.403765","-122.818294"
"11/27/2016","AQS","060970004","3","4.5","ug/m3 LC","19","Sebastopol","1","100.0000","88101","PM2.5 - Local Conditions","42220","Santa Rosa, CA","06","California","097","Sonoma","38.403765","-122.818294"
"11/28/2016","AQS","060970004","3","4.4","ug/m3 LC","18","Sebastopol","1","100.0000","88101","PM2.5 - Local Conditions","42220","Santa Rosa, CA","06","California","097","Sonoma","38.403765","-122.818294"
"11/29/2016","AQS","060970004","3","6.4","ug/m3 LC","27","Sebastopol","1","100.0000","88101","PM2.5 - Local Conditions","42220","Santa Rosa, CA","06","California","097","Sonoma","38.403765","-122.818294"
"11/30/2016","AQS","060970004","3","10.2","ug/m3 LC","43","Sebastopol","1","100.0000","88101","PM2.5 - Local Conditions","42220","Santa Rosa, CA","06","California","097","Sonoma","38.403765","-122.818294"
"12/01/2016","AQS","060970004","3","10","ug/m3 LC","42","Sebastopol","1","100.0000","88101","PM2.5 - Local Conditions","42220","Santa Rosa, CA","06","California","097","Sonoma","38.403765","-122.818294"
"12/02/2016","AQS","060970004","3","8.2","ug/m3 LC","34","Sebastopol","1","100.0000","88101","PM2.5 - Local Conditions","42220","Santa Rosa, CA","06","California","097","Sonoma","38.403765","-122.818294"
"12/03/2016","AQS","060970004","3","10.3","ug/m3 LC","43","Sebastopol","1","100.0000","88101","PM2.5 - Local Conditions","42220","Santa Rosa, CA","06","California","097","Sonoma","38.403765","-122.818294"
"12/04/2016","AQS","060970004","3","11.3","ug/m3 LC","47","Sebastopol","1","100.0000","88101","PM2.5 - Local Conditions","42220","Santa Rosa, CA","06","California","097","Sonoma","38.403765","-122.818294"
"12/05/2016","AQS","060970004","3","8.3","ug/m3 LC","35","Sebastopol","1","100.0000","88101","PM2.5 - Local Conditions","42220","Santa Rosa, CA","06","California","097","Sonoma","38.403765","-122.818294"
"12/06/2016","AQS","060970004","3","10","ug/m3 LC","42","Sebastopol","1","100.0000","88101","PM2.5 - Local Conditions","42220","Santa Rosa, CA","06","California","097","Sonoma","38.403765","-122.818294"
"12/07/2016","AQS","060970004","3","9.2","ug/m3 LC","38","Sebastopol","1","100.0000","88101","PM2.5 - Local Conditions","42220","Santa Rosa, CA","06","California","097","Sonoma","38.403765","-122.818294"
"12/08/2016","AQS","060970004","3","2","ug/m3 LC","8","Sebastopol","1","100.0000","88101","PM2.5 - Local Conditions","42220","Santa Rosa, CA","06","California","097","Sonoma","38.403765","-122.818294"
"12/09/2016","AQS","060970004","3","3.5","ug/m3 LC","15","Sebastopol","1","100.0000","88101","PM2.5 - Local Conditions","42220","Santa Rosa, CA","06","California","097","Sonoma","38.403765","-122.818294"
"12/10/2016","AQS","060970004","3","1.7","ug/m3 LC","7","Sebastopol","1","100.0000","88101","PM2.5 - Local Conditions","42220","Santa Rosa, CA","06","California","097","Sonoma","38.403765","-122.818294"
"12/11/2016","AQS","060970004","3","7.1","ug/m3 LC","30","Sebastopol","1","100.0000","88101","PM2.5 - Local Conditions","42220","Santa Rosa, CA","06","California","097","Sonoma","38.403765","-122.818294"
"12/12/2016","AQS","060970004","3","9.5","ug/m3 LC","40","Sebastopol","1","100.0000","88101","PM2.5 - Local Conditions","42220","Santa Rosa, CA","06","California","097","Sonoma","38.403765","-122.818294"
"12/13/2016","AQS","060970004","3","9.3","ug/m3 LC","39","Sebastopol","1","100.0000","88101","PM2.5 - Local Conditions","42220","Santa Rosa, CA","06","California","097","Sonoma","38.403765","-122.818294"
"12/14/2016","AQS","060970004","3","5.2","ug/m3 LC","22","Sebastopol","1","100.0000","88101","PM2.5 - Local Conditions","42220","Santa Rosa, CA","06","California","097","Sonoma","38.403765","-122.818294"
"12/15/2016","AQS","060970004","3","1.3","ug/m3 LC","5","Sebastopol","1","100.0000","88101","PM2.5 - Local Conditions","42220","Santa Rosa, CA","06","California","097","Sonoma","38.403765","-122.818294"
"12/16/2016","AQS","060970004","3","4.9","ug/m3 LC","20","Sebastopol","1","100.0000","88101","PM2.5 - Local Conditions","42220","Santa Rosa, CA","06","California","097","Sonoma","38.403765","-122.818294"
"12/17/2016","AQS","060970004","3","10.5","ug/m3 LC","44","Sebastopol","1","100.0000","88101","PM2.5 - Local Conditions","42220","Santa Rosa, CA","06","California","097","Sonoma","38.403765","-122.818294"
"12/18/2016","AQS","060970004","3","11.2","ug/m3 LC","47","Sebastopol","1","100.0000","88101","PM2.5 - Local Conditions","42220","Santa Rosa, CA","06","California","097","Sonoma","38.403765","-122.818294"
"12/19/2016","AQS","060970004","3","12.1","ug/m3 LC","51","Sebastopol","1","100.0000","88101","PM2.5 - Local Conditions","42220","Santa Rosa, CA","06","California","097","Sonoma","38.403765","-122.818294"
"12/20/2016","AQS","060970004","3","12.4","ug/m3 LC","52","Sebastopol","1","100.0000","88101","PM2.5 - Local Conditions","42220","Santa Rosa, CA","06","California","097","Sonoma","38.403765","-122.818294"
"12/21/2016","AQS","060970004","3","13.3","ug/m3 LC","54","Sebastopol","1","100.0000","88101","PM2.5 - Local Conditions","42220","Santa Rosa, CA","06","California","097","Sonoma","38.403765","-122.818294"
"12/22/2016","AQS","060970004","3","10.6","ug/m3 LC","44","Sebastopol","1","100.0000","88101","PM2.5 - Local Conditions","42220","Santa Rosa, CA","06","California","097","Sonoma","38.403765","-122.818294"
"12/23/2016","AQS","060970004","3","5.9","ug/m3 LC","25","Sebastopol","1","100.0000","88101","PM2.5 - Local Conditions","42220","Santa Rosa, CA","06","California","097","Sonoma","38.403765","-122.818294"
"12/24/2016","AQS","060970004","3","7.2","ug/m3 LC","30","Sebastopol","1","100.0000","88101","PM2.5 - Local Conditions","42220","Santa Rosa, CA","06","California","097","Sonoma","38.403765","-122.818294"
"12/25/2016","AQS","060970004","3","10.2","ug/m3 LC","43","Sebastopol","1","100.0000","88101","PM2.5 - Local Conditions","42220","Santa Rosa, CA","06","California","097","Sonoma","38.403765","-122.818294"
"12/26/2016","AQS","060970004","3","11.6","ug/m3 LC","48","Sebastopol","1","100.0000","88101","PM2.5 - Local Conditions","42220","Santa Rosa, CA","06","California","097","Sonoma","38.403765","-122.818294"
"12/27/2016","AQS","060970004","3","14.3","ug/m3 LC","56","Sebastopol","1","100.0000","88101","PM2.5 - Local Conditions","42220","Santa Rosa, CA","06","California","097","Sonoma","38.403765","-122.818294"
"12/28/2016","AQS","060970004","3","17.8","ug/m3 LC","63","Sebastopol","1","100.0000","88101","PM2.5 - Local Conditions","42220","Santa Rosa, CA","06","California","097","Sonoma","38.403765","-122.818294"
"12/29/2016","AQS","060970004","3","18.7","ug/m3 LC","65","Sebastopol","1","100.0000","88101","PM2.5 - Local Conditions","42220","Santa Rosa, CA","06","California","097","Sonoma","38.403765","-122.818294"
"12/30/2016","AQS","060970004","3","16","ug/m3 LC","59","Sebastopol","1","100.0000","88101","PM2.5 - Local Conditions","42220","Santa Rosa, CA","06","California","097","Sonoma","38.403765","-122.818294"
"12/31/2016","AQS","060970004","3","12.7","ug/m3 LC","52","Sebastopol","1","100.0000","88101","PM2.5 - Local Conditions","42220","Santa Rosa, CA","06","California","097","Sonoma","38.403765","-122.818294"
